<?xml version="1.0" encoding="UTF-8"?>
<project-private xmlns="http://www.netbeans.org/ns/project-private/1">
    <editor-bookmarks xmlns="http://www.netbeans.org/ns/editor-bookmarks/2" lastBookmarkId="0"/>
    <open-files xmlns="http://www.netbeans.org/ns/projectui-open-files/2">
        <group name="3T_ALUS">
            <file>file:/C:/Users/Rut/Documents/NetBeansProjects/EXAMENES/Exa_2_22_23_ALUS/src/exa_2_22_23_alus/Exa_2_22_23_ALUS.java</file>
        </group>
        <group>
            <file>file:/C:/Users/Diurno/Desktop/Exa_2_22_23_ALUS/src/exa_2_22_23_alus/Exa_2_22_23_ALUS.java</file>
        </group>
    </open-files>
</project-private>
